<?xml version="1.0"?>
<module>
	<version>1.0.201302</version>
	<type>extension</type>
	<name>Integration</name>
	<label>Integration</label>
	<parent>Tools</parent>
	<dependencies>
		<vtiger_version>5.1.0</vtiger_version>
	</dependencies>
	<exporttime>2010-08-06 14:36:03</exporttime>
	<license>
		<inline><![CDATA[/*+**********************************************************************************
 * The contents of this file are subject to the vtiger CRM Public License Version 1.0
 * ("License"); You may not use this file except in compliance with the License
 * The Original Code is:  vtiger CRM Open Source
 * The Initial Developer of the Original Code is vtiger.
 * Portions created by vtiger are Copyright (C) vtiger.
 * All Rights Reserved.
 ************************************************************************************/]]></inline>
	</license>
</module>
